,test_data,seq_loop_status1.csv
grp_knn_distance_and_sort_fu_178,copy_top_k,seq_loop_status2.csv
grp_knn_distance_and_sort_fu_178.grp_knn_distance_and_sort_Outline_init_top_k_fu_190,init_top_k,seq_loop_status3.csv
grp_knn_distance_and_sort_fu_178.grp_knn_distance_and_sort_Outline_train_loop_fu_200,feature_loop,seq_loop_status4.csv
grp_knn_distance_and_sort_fu_178.grp_knn_distance_and_sort_Outline_train_loop_fu_200,train_loop,seq_loop_status5.csv
grp_knn_distance_and_sort_fu_178.grp_knn_distance_and_sort_Outline_sort_loop_i_fu_215,sort_loop_j,seq_loop_status6.csv
grp_knn_distance_and_sort_fu_178.grp_knn_distance_and_sort_Outline_sort_loop_i_fu_215,sort_loop_i,seq_loop_status7.csv
grp_knn_majority_vote_fu_195,count_init_loop,seq_loop_status8.csv
grp_knn_majority_vote_fu_195,set_counts_loop,seq_loop_status9.csv
grp_knn_majority_vote_fu_195,max_count_loop,seq_loop_status10.csv
