,AESL_inst_knn_accelerator,,module_status1.csv
,grp_knn_distance_and_sort_fu_172,,module_status2.csv
grp_knn_distance_and_sort_fu_172,grp_knn_distance_and_sort_Pipeline_init_top_k_fu_126,,module_status3.csv
grp_knn_distance_and_sort_fu_172,grp_knn_distance_and_sort_Pipeline_train_loop_fu_136,,module_status4.csv
grp_knn_distance_and_sort_fu_172,grp_knn_distance_and_sort_Outline_sort_loop_i_fu_151,,module_status5.csv
grp_knn_distance_and_sort_fu_172.grp_knn_distance_and_sort_Outline_sort_loop_i_fu_151,grp_knn_distance_and_sort_Pipeline_sort_loop_j_fu_32,,module_status6.csv
grp_knn_distance_and_sort_fu_172,grp_knn_distance_and_sort_Pipeline_copy_top_k_fu_157,,module_status7.csv
,grp_knn_majority_vote_fu_189,,module_status8.csv
grp_knn_majority_vote_fu_189,grp_knn_majority_vote_Pipeline_VITIS_LOOP_95_1_fu_42,,module_status9.csv
grp_knn_majority_vote_fu_189,grp_knn_majority_vote_Pipeline_VITIS_LOOP_106_2_fu_48,,module_status10.csv
grp_knn_majority_vote_fu_189,grp_knn_majority_vote_Pipeline_VITIS_LOOP_119_3_fu_59,,module_status11.csv
